AxeGuy_ply_TMC1-rahtN_r1_rotate2.mp4,69
LubnaFriends_ply_TMC1-rahtN_r2_rotate2.mp4,46
Rafa2_ply_TMC1-rahtN_r4_rotate2.mp4,46
Matis_ply_TMC1-rahtN_r6_rotate2.mp4,46
AxeGuy_ply_TMC1-rahtN_r2_rotate2.mp4,23
LubnaFriends_ply_TMC2-randomAcN_r1_rotate2.mp4,23
AxeGuy_ply_TMC2-allIntraN_r5_rotate2.mp4,23
Rafa2_ply_TMC2-allIntraN_r5_rotate2.mp4,23
AxeGuy_ply_TMC1-rahtN_r5_rotate2.mp4,46
Matis_ply_TMC2-allIntraN_r2_rotate2.mp4,23
Rafa2_ply_TMC1-rahtN_r2_rotate2.mp4,23
LubnaFriends_ply_TMC2-randomAcN_r5_rotate2.mp4,23
Matis_ply_TMC2-allIntraN_r1_rotate2.mp4,23
Matis_ply_TMC2-randomAcN_r4_rotate2.mp4,23
Rafa2_ply_TMC2-allIntraN_r4_rotate2.mp4,23
LubnaFriends_ply_TMC2-randomAcN_r3_rotate2.mp4,23
Rafa2_ply_TMC2-randomAcN_r1_rotate2.mp4,23
LubnaFriends_ply_TMC1-rahtN_r1_rotate2.mp4,46
AxeGuy_ply_TMC2-randomAcN_r4_rotate2.mp4,23
LubnaFriends_ply_TMC1-rahtN_r3_rotate2.mp4,46
Rafa2_ply_TMC2-randomAcN_r2_rotate2.mp4,23
LubnaFriends_ply_TMC2-allIntraN_r3_rotate2.mp4,23
LubnaFriends_ply_TMC1-rahtN_r4_rotate2.mp4,23
Matis_ply_TMC2-randomAcN_r2_rotate2.mp4,23
AxeGuy_ply_TMC2-allIntraN_r3_rotate2.mp4,23
Matis_ply_TMC2-randomAcN_r3_rotate2.mp4,23
AxeGuy_ply_TMC1-rahtN_r4_rotate2.mp4,23
Matis_ply_TMC1-rahtN_r5_rotate2.mp4,46
Rafa2_ply_TMC2-allIntraN_r1_rotate2.mp4,23
LubnaFriends_ply_TMC2-allIntraN_r1_rotate2.mp4,23
Matis_ply_TMC1-rahtN_r3_rotate2.mp4,46
LubnaFriends_ply_TMC2-allIntraN_r5_rotate2.mp4,23
AxeGuy_ply_TMC2-allIntraN_r4_rotate2.mp4,23
LubnaFriends_ply_TMC2-allIntraN_r4_rotate2.mp4,23
Rafa2_ply_TMC1-rahtN_r1_rotate2.mp4,46
AxeGuy_ply_TMC2-allIntraN_r1_rotate2.mp4,23
LubnaFriends_ply_TMC2-randomAcN_r4_rotate2.mp4,23
Matis_ply_TMC1-rahtN_r1_rotate2.mp4,69
Rafa2_ply_TMC2-randomAcN_r3_rotate2.mp4,23
Matis_ply_TMC2-randomAcN_r1_rotate2.mp4,23
Rafa2_ply_TMC1-rahtN_r5_rotate2.mp4,46
Matis_ply_TMC1-rahtN_r4_rotate2.mp4,23
AxeGuy_ply_TMC2-randomAcN_r3_rotate2.mp4,23
LubnaFriends_ply_TMC1-rahtN_r6_rotate2.mp4,23
Matis_ply_TMC2-allIntraN_r3_rotate2.mp4,23
Rafa2_ply_TMC2-allIntraN_r3_rotate2.mp4,23
Rafa2_ply_TMC2-allIntraN_r2_rotate2.mp4,23
Rafa2_ply_TMC2-randomAcN_r4_rotate2.mp4,23
AxeGuy_ply_TMC2-randomAcN_r1_rotate2.mp4,23
LubnaFriends_ply_TMC2-randomAcN_r2_rotate2.mp4,23
AxeGuy_ply_TMC2-allIntraN_r2_rotate2.mp4,23
LubnaFriends_ply_TMC1-rahtN_r5_rotate2.mp4,69
Rafa2_ply_TMC1-rahtN_r3_rotate2.mp4,46
Matis_ply_TMC2-randomAcN_r5_rotate2.mp4,23
AxeGuy_ply_TMC2-randomAcN_r5_rotate2.mp4,23
Matis_ply_TMC2-allIntraN_r4_rotate2.mp4,23
Rafa2_ply_TMC1-rahtN_r6_rotate2.mp4,23
Rafa2_ply_TMC2-randomAcN_r5_rotate2.mp4,23
LubnaFriends_ply_TMC2-allIntraN_r2_rotate2.mp4,23
AxeGuy_ply_TMC1-rahtN_r6_rotate2.mp4,23
Matis_ply_TMC2-allIntraN_r5_rotate2.mp4,23
AxeGuy_ply_TMC2-randomAcN_r2_rotate2.mp4,23
Matis_ply_TMC1-rahtN_r2_rotate2.mp4,23
AxeGuy_ply_TMC1-rahtN_r3_rotate2.mp4,69